
<ul class="submenu-start">
    <li class="list-item">
        <a data-toggle="collapse" href="#_1782" role="button">1782</a>
        <div class="collapse" id="_1782">
            <ul class="submenu-start collapsable">
                <li class="list-item">
                    <a href="#_1782_text" title="Text 1782 pages.pdf">Tgb 1782</a>
                </li>
            </ul>
        </div>        
    </li>
    <li class="list-item">
        <a data-toggle="collapse" href="#_1783" role="button">1783</a>
        <div class="collapse" id="_1783">
            <ul class="submenu-start collapsable">
                <li class="list-item">
                    <a href="#_1783_text" role="button" title="Text 1783 pages.pdf">Tgb 1783</a>
                </li>
            </ul>
        </div>        
    </li>
    <li class="list-item">
        <a data-toggle="collapse" href="#_1784" role="button">1784</a>        
        <div class="collapse" id="_1784">
            <ul class="submenu-start collapsable">
                <li class="list-item">
                    <a href="#_1784_text" role="button" title="Text 1784 pages.pdf">Tgb 1784</a>
                </li>
            </ul>
        </div>
    </li>
    <li class="list-item">
        <a data-toggle="collapse" href="#_1785" role="button">1785</a>        
        <div class="collapse" id="_1785">
            <ul class="submenu-start collapsable">
                <li class="list-item">
                    <a href="#_Januar-Juli_1785_text" role="button" title="Text Januar-Juli 1785 pages.pdf">Tgb 1785 Januar-Juli</a>
                </li>
                <li class="list-item">
                    <a href="#_August-Dezember_1785_text" role="button" title="Text August-Dezember 1785 pages.pdf">Tgb 1785 August-Dezember</a>
                </li>            
            </ul>
        </div>        
    </li>
    <li class="list-item">
        <a data-toggle="collapse" href="#_1786" role="button">1786</a>        
        <div class="collapse" id="_1786">
            <ul class="submenu-start collapsable">
                <li class="list-item">                    
                    <a href="#_1786_text" role="button" title="Text 1786 pages.pdf">Tgb 1786</a>
                </li>
            </ul>
        </div>        
    </li>
    <li class="list-item">
        <a data-toggle="collapse" href="#_1787" role="button">1787</a>        
        <div class="collapse" id="_1787">
            <ul class="submenu-start collapsable">
                <li class="list-item">
                    <a href="#_Januar-September_1787_text" role="button" title="Text Januar-September 1787 pages.pdf">Tgb 1787 Januar-September</a>
                </li>
                <li class="list-item">                    
                    <a href="#_Oktober-Dezember_1787_text" role="button" title="Text Oktober-Dezember 1787 pages.pdf">Tgb 1787 Oktober-Dezember</a>
                </li>            
            </ul>
        </div>        
    </li>
    <li class="list-item">
        <a data-toggle="collapse" href="#_1788" role="button">1788</a>        
        <div class="collapse" id="_1788">
            <ul class="submenu-start collapsable">
                <li class="list-item">                    
                    <a href="#_1788_text" role="button" title="Text 1788 pages.pdf">Tgb 1788</a>
                </li>
            </ul>
        </div>        
    </li>
    <li class="list-item">
        <a data-toggle="collapse" href="#_1789" role="button">1789</a>        
        <div class="collapse" id="_1789">
            <ul class="submenu-start collapsable">
                <li class="list-item">                    
                    <a href="#_Januar-Juni_1789_text" role="button" title="Text Januar-Juni 1789 pages.pdf">Tgb 1789 Januar-Juni</a>
                </li>
                <li class="list-item">                    
                    <a href="#_Juli-Dezember_1789_text" role="button" title="Text Juli-Dezember 1789 pages.pdf">Tgb 1789 Juli-Dezember</a>
                </li>            
            </ul>
        </div>        
    </li>
    <li class="list-item">
        <a data-toggle="collapse" href="#_1790" role="button">1790</a>        
        <div class="collapse" id="_1790">
            <ul class="submenu-start collapsable">
                <li class="list-item">                    
                    <a href="#_Januar-April_1790_text" role="button" title="Text Januar-April 1790 pages.pdf">Tgb 1790 Januar-April</a>
                </li>
                <li class="list-item">                    
                    <a href="#_Mai-August_1790_text" role="button" title="Text Mai-August 1790 pages.pdf">Tgb 1790 Mai-August</a>
                </li>
                <li class="list-item">                    
                    <a href="#_September-Dezember_1790_text" role="button" title="Text September-Dezember 1790 pages.pdf">Tgb 1790 September-Dezember</a>
                </li>            
            </ul>
        </div>        
    </li>        
</ul>