<?xml version="1.0" encoding="UTF-8"?><ul class="directory-list"><li>1782<ul><li><a href="Text_1782_pages.pdf">Text_1782_pages</a></li></ul></li><li>1783<ul><li><a href="Text_1783_pages.pdf">Text_1783_pages</a></li></ul></li><li>1784<ul><li><a href="Text_1784_pages.pdf">Text_1784_pages</a></li></ul></li><li>1785<ul><li><a href="Text_August-Dezember_1785_pages.pdf">Text_August-Dezember_1785_pages</a></li><li><a href="Text_Januar-Juli_1785_pages.pdf">Text_Januar-Juli_1785_pages</a></li></ul></li><li>1786<ul><li><a href="Text_1786_pages.pdf">Text_1786_pages</a></li></ul></li><li>1787<ul><li><a href="Text_Januar-September_1787_pages.pdf">Text_Januar-September_1787_pages</a></li><li><a href="Text_Oktober-Dezember_1787_pages.pdf">Text_Oktober-Dezember_1787_pages</a></li></ul></li><li>1788<ul><li><a href="Text_1788_pages.pdf">Text_1788_pages</a></li></ul></li><li>1789<ul><li><a href="Text_Januar-Juni_1789_pages.pdf">Text_Januar-Juni_1789_pages</a></li><li><a href="Text_Juli-Dezember_1789_pages.pdf">Text_Juli-Dezember_1789_pages</a></li></ul></li><li>1790<ul><li><a href="Text_Januar-April_1790_pages.pdf">Text_Januar-April_1790_pages</a></li><li><a href="Text_Mai-August_1790_pages.pdf">Text_Mai-August_1790_pages</a></li><li><a href="Text_September-Dezember_1790_pages.pdf">Text_September-Dezember_1790_pages</a></li></ul></li></ul>
